{"cameraMode":{"drawMode":0,"name":"Shaded","section":"Shading Mode"},"sceneLighting":true,"audioPlay":false,"sceneViewState":{"m_AlwaysRefresh":false,"showFog":true,"showSkybox":false,"showFlares":true,"showImageEffects":true,"showParticleSystems":true,"showVisualEffectGraphs":true,"m_FxEnabled":true},"in2DMode":false,"pivot":{"x":0.030000001192092897,"y":2.559999942779541,"z":1.8180441856384278},"rotation":{"x":0.2909741699695587,"y":-0.6062053442001343,"z":0.2536635398864746,"w":0.6953623294830322},"size":0.3473111689090729,"orthographic":false}