{"cameraMode":{"drawMode":0,"name":"Shaded","section":"Shading Mode"},"sceneLighting":true,"audioPlay":false,"sceneViewState":{"m_AlwaysRefresh":false,"showFog":true,"showSkybox":false,"showFlares":true,"showImageEffects":true,"showParticleSystems":true,"showVisualEffectGraphs":true,"m_FxEnabled":true},"in2DMode":false,"pivot":{"x":0.03000020980834961,"y":2.559999704360962,"z":1.8180444240570069},"rotation":{"x":0.15825235843658448,"y":-0.44918176531791689,"z":0.08117799460887909,"w":0.8755730390548706},"size":12.12435531616211,"orthographic":false}